{
  "version": 1,
  "tradeoffs": [
    "availability_over_integrity",
    "confidentiality_over_completeness",
    "integrity_over_availability",
    "none"
  ],
  "apiList": [
    "coingecko-markets",
    "coingecko-simple-price",
    "openweather-current",
    "usgs-earthquakes"
  ],
  "featureNames": [
    "C_score",
    "A_score",
    "D_score",
    "ai_anomaly_score",
    "pred_C",
    "pred_A",
    "pred_D",
    "latency_ms",
    "rate_limited",
    "status_5xx",
    "availability_signals",
    "integrity_signals",
    "confidentiality_signals",
    "time_since_C",
    "time_since_A",
    "time_since_D",
    "api_coingecko-markets",
    "api_coingecko-simple-price",
    "api_openweather-current",
    "api_usgs-earthquakes"
  ],
  "models": {
    "availability_over_integrity": {
      "weights": [
        -3.0181081402331826,
        0.015304403128839728,
        -0.12729304871475827,
        0.1928940380933553,
        -0.008401447384994425,
        -0.01735830291551465,
        -0.030529778777234885,
        0.05552807468194674,
        0.1080834382305735,
        0.24608518764471043,
        0,
        0.24608518764471043,
        -0.00600228223719833,
        -0.01530440312883686,
        0.04582683761006278,
        0.01356166090470262,
        0.20878849927136603,
        -0.03483336706977433,
        -0.01055690063304917,
        0.030825708172351234,
        -0.0010743154965643723
      ],
      "mean": [
        0.9986225895316805,
        0.7232180619452536,
        0.08079587905011572,
        0.41742799111866796,
        0.023598393238909107,
        0.6335908728349527,
        0.7926133472107192,
        467.6818181818182,
        0.005509641873278237,
        0,
        0.005509641873278237,
        1.2038567493112948,
        0.0013774104683195593,
        51.53957988980715,
        11.500486225895322,
        9.061344352617082,
        0.09641873278236915,
        0.1349862258953168,
        0.3236914600550964,
        0.44490358126721763
      ],
      "std": [
        0.037087911894865544,
        0.2702136885488284,
        0.17671510357841977,
        0.201140223923417,
        0.0074624671755269285,
        0.30286435231648356,
        0.34196674790340026,
        450.39571749917627,
        0.07402219747958308,
        1,
        0.07402219747958308,
        0.7549918368393918,
        0.037087911894865544,
        181.99476148194205,
        34.11246091749471,
        35.414247645080245,
        0.2951646332998104,
        0.3417088595776472,
        0.46788385176504654,
        0.496955113307853
      ]
    },
    "confidentiality_over_completeness": {
      "weights": [
        -3.0821735305149853,
        -0.1336244299223794,
        0.0007049455368118802,
        0.01071599958154596,
        0.0008077220375776713,
        0.0007757938072073603,
        0.0006337147111119775,
        0.0012985091189108287,
        0.0011086922110090176,
        -0.0020307537061617477,
        0,
        -0.0020307537061617477,
        -0.002380164247797759,
        0.13362442992238233,
        -0.0007696433498345554,
        -0.000642517640477622,
        -0.003936789862520552,
        0.0008061737102720731,
        0.0011529421019395173,
        0.0008773830626129012,
        -0.0020976499431733567
      ],
      "mean": [
        0.9986225895316805,
        0.7232180619452536,
        0.08079587905011572,
        0.41742799111866796,
        0.023598393238909107,
        0.6335908728349527,
        0.7926133472107192,
        467.6818181818182,
        0.005509641873278237,
        0,
        0.005509641873278237,
        1.2038567493112948,
        0.0013774104683195593,
        51.53957988980715,
        11.500486225895322,
        9.061344352617082,
        0.09641873278236915,
        0.1349862258953168,
        0.3236914600550964,
        0.44490358126721763
      ],
      "std": [
        0.037087911894865544,
        0.2702136885488284,
        0.17671510357841977,
        0.201140223923417,
        0.0074624671755269285,
        0.30286435231648356,
        0.34196674790340026,
        450.39571749917627,
        0.07402219747958308,
        1,
        0.07402219747958308,
        0.7549918368393918,
        0.037087911894865544,
        181.99476148194205,
        34.11246091749471,
        35.414247645080245,
        0.2951646332998104,
        0.3417088595776472,
        0.46788385176504654,
        0.496955113307853
      ]
    },
    "integrity_over_availability": {
      "weights": [
        2.9787082331600034,
        0.1181362554604605,
        0.10779661247728343,
        -0.40842297519165044,
        0.015086076572577042,
        0.07886571933565076,
        0.025604794698441215,
        -0.02973360390063791,
        -0.14612286212292336,
        -0.23247951604949516,
        0,
        -0.23247951604949516,
        0.05581260039144305,
        -0.11813625546046333,
        -0.0458856221566446,
        -0.005797725080859012,
        -0.12217609160097788,
        0.016714428466418425,
        -0.011479140803098562,
        -0.011921926487544837,
        0.00919015163905702
      ],
      "mean": [
        0.9986225895316805,
        0.7232180619452536,
        0.08079587905011572,
        0.41742799111866796,
        0.023598393238909107,
        0.6335908728349527,
        0.7926133472107192,
        467.6818181818182,
        0.005509641873278237,
        0,
        0.005509641873278237,
        1.2038567493112948,
        0.0013774104683195593,
        51.53957988980715,
        11.500486225895322,
        9.061344352617082,
        0.09641873278236915,
        0.1349862258953168,
        0.3236914600550964,
        0.44490358126721763
      ],
      "std": [
        0.037087911894865544,
        0.2702136885488284,
        0.17671510357841977,
        0.201140223923417,
        0.0074624671755269285,
        0.30286435231648356,
        0.34196674790340026,
        450.39571749917627,
        0.07402219747958308,
        1,
        0.07402219747958308,
        0.7549918368393918,
        0.037087911894865544,
        181.99476148194205,
        34.11246091749471,
        35.414247645080245,
        0.2951646332998104,
        0.3417088595776472,
        0.46788385176504654,
        0.496955113307853
      ]
    },
    "none": {
      "weights": [
        -3.0509014881996888,
        0.017613015365644875,
        0.02184937351446699,
        0.2402455869852637,
        -0.005227247362831112,
        -0.06163890980372824,
        0.002234383078905845,
        -0.02360515684698956,
        0.04840229153942088,
        -0.03916530689494374,
        0,
        -0.03916530689494374,
        -0.048644846285410145,
        -0.01761301536564197,
        0.0000735830673241325,
        -0.004664835030209472,
        -0.06401801481705194,
        0.013680970715771165,
        0.016828121391407408,
        -0.01620554758350467,
        -0.004439320155056919
      ],
      "mean": [
        0.9986225895316805,
        0.7232180619452536,
        0.08079587905011572,
        0.41742799111866796,
        0.023598393238909107,
        0.6335908728349527,
        0.7926133472107192,
        467.6818181818182,
        0.005509641873278237,
        0,
        0.005509641873278237,
        1.2038567493112948,
        0.0013774104683195593,
        51.53957988980715,
        11.500486225895322,
        9.061344352617082,
        0.09641873278236915,
        0.1349862258953168,
        0.3236914600550964,
        0.44490358126721763
      ],